url,doc_id,title,audience,category,language,document_version,license_or_permission
https://www.thegioididong.com/bao-hanh
https://help.shopee.vn/portal/4/article/77245
https://www.dienmayxanh.com/bao-hanh
https://fptshop.com.vn/ho-tro/chinh-sach-bao-hanh
https://cellphones.com.vn/chinh-sach-bao-hanh
https://www.nguyenkim.com/chinh-sach-bao-hanh-san-pham-ORYH7794.b
https://baohanh.mediamart.vn
https://help.phongvu.vn/chinh-sach-ban-hang/bao-hanh
https://gearvn.com/pages/bao-hanh
https://hacom.vn/chinh-sach-bao-hanh
https://dienmaycholon.com/chinh-sach-bao-hanh,dien-may-cho-lon-warranty,Chính sách bảo hành Điện Máy Chợ Lớn,buyer,warranty-policy,vi,not-stated,public-source
https://hoanghamobile.com/chinh-sach-bao-hanh,hoang-ha-mobile-warranty,Chính sách bảo hành Hoàng Hà Mobile,buyer,warranty-policy,vi,not-stated,public-source
https://didongviet.vn/chinh-sach-bao-hanh,di-dong-viet-warranty,Chính sách bảo hành Di Động Việt,buyer,warranty-policy,vi,not-stated,public-source
https://clickbuy.com.vn/chinh-sach-bao-hanh/,clickbuy-warranty,Chính sách bảo hành Clickbuy,buyer,warranty-policy,vi,not-stated,public-source
https://www.anphatpc.com.vn/chinh-sach-bao-hanh.html,an-phat-pc-warranty,Chính sách bảo hành An Phát PC,buyer,warranty-policy,vi,not-stated,public-source
https://memoryzone.com.vn/pages/chinh-sach-bao-hanh,memoryzone-warranty,Chính sách bảo hành MemoryZone,buyer,warranty-policy,vi,not-stated,public-source
https://www.xtmobile.vn/chinh-sach-bao-hanh,xtmobile-warranty,Chính sách bảo hành XTmobile,buyer,warranty-policy,vi,not-stated,public-source
https://mobilecity.vn/chinh-sach-bao-hanh.html,mobilecity-warranty,Chính sách bảo hành MobileCity,buyer,warranty-policy,vi,not-stated,public-source
https://24hstore.vn/chinh-sach-bao-hanh,24hstore-warranty,Chính sách bảo hành 24hStore,buyer,warranty-policy,vi,not-stated,public-source
https://www.phucanh.vn/chinh-sach-bao-hanh.html,phuc-anh-warranty,Chính sách bảo hành Phúc Anh,buyer,warranty-policy,vi,not-stated,public-source
